"x","z",".sample"
0.480020888073024,7.07756906149295,1
0.220097506826203,9.06973380685297,1
1.68901465097693,10.5673004264596,1
-0.0102221671716963,9.26593865633472,1
0.678662632626709,8.70771251288381,1
1.18966453761994,8.4950771489651,1
1.90851052101931,9.02880075458856,1
-0.825810010664619,11.5572009352698,1
0.2449565317274,10.2293866148788,1
-2.40842145696803,12.6169156339294,1
-0.846098189243663,7.75193675517849,1
-0.750100905086111,6.14440029195285,1
-1.17113639116959,6.77625330101242,1
0.203996492613975,8.23724261832338,1
-0.157558870980816,7.40117980676936,1
-0.832852723384214,10.9277812196917,1
0.246487517969431,12.2070621129041,1
-0.461542185090304,13.1642521167161,1
-0.63308661790265,8.73097384751549,1
-0.17767693384502,11.9483688503313,1
1.38015993274426,12.465173466987,1
-0.383212627132811,8.1491017452103,1
-0.234252253887947,7.4177988917913,1
-0.39904480804637,12.9408440490313,1
0.717510278385798,8.73446525032016,1
0.26016406367287,10.083969536873,1
0.0256608541957374,8.67653228218118,1
1.36829219892977,11.341135588397,1
-0.0932667516833756,11.747037954214,1
-1.22738388072978,7.70928526169344,1
-0.350658954127831,10.0886077674729,1
-1.07838150803928,9.49222744143802,1
1.38121393791768,9.18458182204903,1
-0.27051860105364,11.1561521887123,1
-0.0643456341746735,8.95958368519291,1
-0.485618577324826,7.93271274698166,1
1.31877784033417,10.3530637210955,1
-0.789136002508114,9.80587603981908,1
2.50066564328932,7.41636181549051,1
-0.0997593245636119,10.8749912405783,1
-0.4523131362551,6.12949897058263,1
-0.281804140778256,10.0579231447254,1
-1.39391272617727,8.72862229929424,1
-0.179099216728735,13.9092725194951,1
-1.09137058390926,6.31944398855972,1
0.257333332771635,8.19737648070769,1
-0.282914531729823,11.8315486691532,1
0.699299520795367,7.82148135870314,1
0.590862086934313,11.2089362396724,1
0.341614723190678,11.0020011236168,1
2.20259025745676,5.99458699460052,1
0.0499246811258878,13.2823629611349,1
0.53790136637214,6.44947441902382,1
0.0958453446312975,8.944035368958,1
-0.634286992554708,8.8555044515818,1
0.714457538666577,11.1052204750225,1
0.525767446585822,10.6609047522927,1
-1.90131497463368,11.5880611249315,1
-0.21618195542221,8.26278552985088,1
-0.0307864468250671,11.4429523732549,1
0.733963260409083,8.49238169643702,1
-0.948737771115329,5.98143049360063,1
2.20180162839768,8.92780235521463,1
-0.531720469872842,10.3724581014002,1
2.28416410963721,10.5510027848787,1
-1.56211246039024,11.3537429001575,1
-0.16944298000879,11.4772197165834,1
-0.895695248909448,8.88164899048846,1
2.49491885075597,10.0592377034712,1
-0.779789046376833,12.3191637314652,1
0.497328945773506,8.49783808772046,1
-0.771970490667492,11.7284065570732,1
0.0676138046341136,11.6532795455596,1
0.598686346184345,6.61789348031238,1
-1.38194110756244,9.59730415854445,1
-0.193085408759984,10.5274108135699,1
-0.113533921515354,14.7263784248615,1
-1.14268609941489,10.2859520278914,1
-1.0816906458438,7.58593804907777,1
-1.12444412453944,13.706005297801,1
-1.09783711105698,8.77718786568945,1
0.871298589610768,4.29239459898953,1
0.649334658928944,11.9078268627562,1
1.08543594908885,8.10543041948896,1
-1.00188262142916,6.37850106469176,1
-0.435382174611195,8.61495434717885,1
1.7235860283827,12.6761552706588,1
-1.66672951417977,10.619099573865,1
1.13450649071726,11.9822546602212,1
1.39413597535195,8.92551290721663,1
0.998370918331141,9.90127213766764,1
-1.81693231540728,13.2853961712285,1
-0.57785037717777,8.08461101437282,1
0.278179801586755,12.7587889459208,1
-1.0414041676844,10.2419418151364,1
0.285188312048492,11.1490225376764,1
-0.798755315592175,8.90124304190339,1
0.618016741100495,11.9696017837209,1
-0.698035315154562,12.672971984263,1
2.39389336807284,12.145336086118,1
0.480020888073024,12.2933318584862,2
0.220097506826203,7.67308496933997,2
1.68901465097693,12.6487637203686,2
-0.0102221671716963,5.08515376111406,2
0.678662632626709,9.05502261638335,2
1.18966453761994,9.77095771280887,2
1.90851052101931,11.319976363464,2
-0.825810010664619,6.64856495343766,2
0.2449565317274,9.78924360475765,2
-2.40842145696803,9.43191558073126,2
-0.846098189243663,10.1176343415644,2
-0.750100905086111,12.1957773553691,2
-1.17113639116959,10.2521794901164,2
0.203996492613975,10.7448225161134,2
-0.157558870980816,8.5952576330585,2
-0.832852723384214,11.5092626381448,2
0.246487517969431,8.01310861779078,2
-0.461542185090304,7.52843606173131,2
-0.63308661790265,8.03312715840516,2
-0.17767693384502,9.52310358970892,2
1.38015993274426,8.98639592538867,2
-0.383212627132811,11.4820872560124,2
-0.234252253887947,11.5509198182707,2
-0.39904480804637,10.2576564651691,2
0.717510278385798,8.13967381185148,2
0.26016406367287,7.87793520870468,2
0.0256608541957374,9.18209078492454,2
1.36829219892977,9.02668363097396,2
-0.0932667516833756,11.0907715655956,2
-1.22738388072978,8.26936853074082,2
-0.350658954127831,10.695440666981,2
-1.07838150803928,8.65415578934078,2
1.38121393791768,11.6059279244532,2
-0.27051860105364,10.5628906081087,2
-0.0643456341746735,10.6480721981166,2
-0.485618577324826,8.47201059182058,2
1.31877784033417,11.0117412099095,2
-0.789136002508114,10.5294709559853,2
2.50066564328932,9.47543451638924,2
-0.0997593245636119,9.42083309598681,2
-0.4523131362551,9.63961076419857,2
-0.281804140778256,12.0636624372995,2
-1.39391272617727,9.94658998495474,2
-0.179099216728735,10.27491811219,2
-1.09137058390926,13.8193500330181,2
0.257333332771635,13.3661225241689,2
-0.282914531729823,4.83454003128303,2
0.699299520795367,7.40030654107718,2
0.590862086934313,9.53398813914648,2
0.341614723190678,5.73196977400381,2
2.20259025745676,12.5517571688024,2
0.0499246811258878,13.2815864699731,2
0.53790136637214,11.1835007990089,2
0.0958453446312975,10.5682568352306,2
-0.634286992554708,12.2638107880896,2
0.714457538666577,10.2902689247967,2
0.525767446585822,7.43301639247312,2
-1.90131497463368,11.5308429228581,2
-0.21618195542221,11.1314460879579,2
-0.0307864468250671,9.12182734670931,2
0.733963260409083,10.0288647033376,2
-0.948737771115329,9.22097102078181,2
2.20180162839768,11.2208980768925,2
-0.531720469872842,5.54804200381793,2
2.28416410963721,10.7492740461642,2
-1.56211246039024,10.2389214119748,2
-0.16944298000879,8.80373769935906,2
-0.895695248909448,9.91419009610399,2
2.49491885075597,10.3975316782259,2
-0.779789046376833,7.78053537521484,2
0.497328945773506,10.2228635146172,2
-0.771970490667492,8.00881241120196,2
0.0676138046341136,5.60896652497573,2
0.598686346184345,10.1995178742579,2
-1.38194110756244,12.5953608865412,2
-0.193085408759984,8.15416302966662,2
-0.113533921515354,9.82311611563998,2
-1.14268609941489,10.5089415522364,2
-1.0816906458438,11.4136923928722,2
-1.12444412453944,10.5192850937954,2
-1.09783711105698,12.5110500289413,2
0.871298589610768,7.39299275919525,2
0.649334658928944,10.5894835763401,2
1.08543594908885,6.93364531264273,2
-1.00188262142916,12.6015181841468,2
-0.435382174611195,10.8219211517769,2
1.7235860283827,12.2509410844795,2
-1.66672951417977,6.64476889534745,2
1.13450649071726,8.11306668271646,2
1.39413597535195,10.554592749485,2
0.998370918331141,11.0427540804413,2
-1.81693231540728,6.04802472599274,2
-0.57785037717777,11.7142636735257,2
0.278179801586755,9.58108107725382,2
-1.0414041676844,10.78160424338,2
0.285188312048492,7.54734317994651,2
-0.798755315592175,9.93651226586907,2
0.618016741100495,7.71797067781282,2
-0.698035315154562,7.17820702596537,2
2.39389336807284,10.0352554407556,2
0.480020888073024,7.05352333690763,3
0.220097506826203,9.33932579793901,3
1.68901465097693,6.94198395545699,3
-0.0102221671716963,12.703554135929,3
0.678662632626709,10.2066471850929,3
1.18966453761994,10.0601000093017,3
1.90851052101931,9.93514830538795,3
-0.825810010664619,10.0066905987916,3
0.2449565317274,9.15082660045081,3
-2.40842145696803,9.6569872072785,3
-0.846098189243663,8.74179887015543,3
-0.750100905086111,11.6409382340193,3
-1.17113639116959,10.4223958832401,3
0.203996492613975,8.81635714468982,3
-0.157558870980816,7.69485444585556,3
-0.832852723384214,10.3636432221915,3
0.246487517969431,10.4373936244944,3
-0.461542185090304,9.20888459641139,3
-0.63308661790265,6.32354971447977,3
-0.17767693384502,11.2980877849197,3
1.38015993274426,10.8190491920614,3
-0.383212627132811,8.95494539422219,3
-0.234252253887947,12.3846977303296,3
-0.39904480804637,12.2173526477487,3
0.717510278385798,8.36680086135813,3
0.26016406367287,10.6833779162278,3
0.0256608541957374,10.9986586673681,3
1.36829219892977,11.4738724440679,3
-0.0932667516833756,8.69049316471061,3
-1.22738388072978,10.4802840899919,3
-0.350658954127831,7.97889778983485,3
-1.07838150803928,11.5716542474483,3
1.38121393791768,12.3460835196697,3
-0.27051860105364,8.14251614602529,3
-0.0643456341746735,8.76114320515485,3
-0.485618577324826,10.2923644513077,3
1.31877784033417,9.63287851044242,3
-0.789136002508114,13.3793898392939,3
2.50066564328932,12.5495473731235,3
-0.0997593245636119,8.05229054061834,3
-0.4523131362551,8.96701613869395,3
-0.281804140778256,10.9217696118778,3
-1.39391272617727,10.6231119621198,3
-0.179099216728735,8.73067895133128,3
-1.09137058390926,8.52400927334318,3
0.257333332771635,9.09265681021771,3
-0.282914531729823,8.66880409956913,3
0.699299520795367,11.3214947957753,3
0.590862086934313,8.72047892972816,3
0.341614723190678,10.5852808481886,3
2.20259025745676,8.95023413291584,3
0.0499246811258878,9.69484373904274,3
0.53790136637214,11.7594361039591,3
0.0958453446312975,12.6881204176445,3
-0.634286992554708,6.57228117393689,3
0.714457538666577,11.0173327266402,3
0.525767446585822,12.7751555171066,3
-1.90131497463368,8.34351755730046,3
-0.21618195542221,10.878417355679,3
-0.0307864468250671,7.80342489321699,3
0.733963260409083,9.60061803103019,3
-0.948737771115329,8.80282848489166,3
2.20180162839768,7.99994949716754,3
-0.531720469872842,10.5626465333543,3
2.28416410963721,12.3200675673828,3
-1.56211246039024,9.1746630233594,3
-0.16944298000879,7.73636615732251,3
-0.895695248909448,11.307068047132,3
2.49491885075597,6.81921396439935,3
-0.779789046376833,11.533384220062,3
0.497328945773506,10.2204844317489,3
-0.771970490667492,7.93921058592347,3
0.0676138046341136,12.3850547464331,3
0.598686346184345,13.4472861045629,3
-1.38194110756244,8.28925427118081,3
-0.193085408759984,11.1024904429549,3
-0.113533921515354,10.5049203836949,3
-1.14268609941489,6.85627217713036,3
-1.0816906458438,10.0002757886877,3
-1.12444412453944,10.3781137113288,3
-1.09783711105698,9.83098311241628,3
0.871298589610768,7.93845780209783,3
0.649334658928944,12.3810638944029,3
1.08543594908885,7.97078648261506,3
-1.00188262142916,10.5909383163558,3
-0.435382174611195,12.98390879297,3
1.7235860283827,10.4275719877158,3
-1.66672951417977,10.8864884285849,3
1.13450649071726,7.67543287417876,3
1.39413597535195,10.821382222497,3
0.998370918331141,11.1323118176265,3
-1.81693231540728,9.70669666829905,3
-0.57785037717777,8.59891281761984,3
0.278179801586755,10.8842929033686,3
-1.0414041676844,6.5400163953509,3
0.285188312048492,9.97603751598242,3
-0.798755315592175,8.7073709232125,3
0.618016741100495,9.93998914750414,3
-0.698035315154562,10.0289818909017,3
2.39389336807284,9.08412436208276,3
0.480020888073024,11.7856715691729,4
0.220097506826203,9.65986673686512,4
1.68901465097693,9.35976105190282,4
-0.0102221671716963,9.89629489337576,4
0.678662632626709,10.1016728408441,4
1.18966453761994,13.0869679012161,4
1.90851052101931,10.051010195466,4
-0.825810010664619,10.6673630065569,4
0.2449565317274,10.0844953160453,4
-2.40842145696803,8.77162910420934,4
-0.846098189243663,9.23196079300085,4
-0.750100905086111,6.80248247030868,4
-1.17113639116959,6.73559131947133,4
0.203996492613975,9.61598699749533,4
-0.157558870980816,8.28528300205384,4
-0.832852723384214,12.4343630494696,4
0.246487517969431,10.0642798375018,4
-0.461542185090304,5.97495349941022,4
-0.63308661790265,10.6268866767513,4
-0.17767693384502,10.7805426441635,4
1.38015993274426,9.81214348961683,4
-0.383212627132811,7.7560020017093,4
-0.234252253887947,7.59618955414704,4
-0.39904480804637,11.6721026165255,4
0.717510278385798,6.71444612777207,4
0.26016406367287,8.25345914574587,4
0.0256608541957374,11.3487052388814,4
1.36829219892977,10.9440914575044,4
-0.0932667516833756,8.76786275608446,4
-1.22738388072978,7.66660363665004,4
-0.350658954127831,7.50759536925322,4
-1.07838150803928,10.4210445201935,4
1.38121393791768,14.0097104210831,4
-0.27051860105364,11.8000189861491,4
-0.0643456341746735,11.643882630459,4
-0.485618577324826,8.18696121696412,4
1.31877784033417,10.4004462912061,4
-0.789136002508114,10.3429539960301,4
2.50066564328932,9.36942961412581,4
-0.0997593245636119,8.22844711638954,4
-0.4523131362551,8.4758953397049,4
-0.281804140778256,11.9304930562956,4
-1.39391272617727,9.19875147992926,4
-0.179099216728735,10.2595182235424,4
-1.09137058390926,11.4752829222458,4
0.257333332771635,8.88261479626743,4
-0.282914531729823,9.359288200489,4
0.699299520795367,11.1221868332866,4
0.590862086934313,9.28611496764454,4
0.341614723190678,10.3310742658842,4
2.20259025745676,10.804753177567,4
0.0499246811258878,10.5801488906315,4
0.53790136637214,9.55774152665067,4
0.0958453446312975,7.94377580222245,4
-0.634286992554708,13.2356108489451,4
0.714457538666577,9.60536560730976,4
0.525767446585822,10.4732206483904,4
-1.90131497463368,6.07981547930795,4
-0.21618195542221,11.9173323423657,4
-0.0307864468250671,11.3111475947289,4
0.733963260409083,11.7233618133925,4
-0.948737771115329,7.84091076999689,4
2.20180162839768,8.50004021507444,4
-0.531720469872842,12.2812341094322,4
2.28416410963721,12.5172494936959,4
-1.56211246039024,10.4972040578585,4
-0.16944298000879,7.60139190851387,4
-0.895695248909448,12.7449297722897,4
2.49491885075597,11.472814940937,4
-0.779789046376833,7.23068065564286,4
0.497328945773506,7.71435681829064,4
-0.771970490667492,11.804901048317,4
0.0676138046341136,10.3643975507378,4
0.598686346184345,10.1659685428851,4
-1.38194110756244,9.86368858640515,4
-0.193085408759984,14.1720051066217,4
-0.113533921515354,8.55869799466489,4
-1.14268609941489,9.81929775796027,4
-1.0816906458438,12.8564118088343,4
-1.12444412453944,9.42081916819783,4
-1.09783711105698,8.93133027414658,4
0.871298589610768,8.32343080531173,4
0.649334658928944,6.54179464385618,4
1.08543594908885,9.11406645439745,4
-1.00188262142916,9.95538151367056,4
-0.435382174611195,11.7432691475072,4
1.7235860283827,10.3551356092882,4
-1.66672951417977,11.3963753635752,4
1.13450649071726,7.99256525857639,4
1.39413597535195,10.4624269164451,4
0.998370918331141,12.5257614747213,4
-1.81693231540728,11.8938970361223,4
-0.57785037717777,8.69335892820509,4
0.278179801586755,9.70363372988395,4
-1.0414041676844,11.2291445370304,4
0.285188312048492,10.486321763962,4
-0.798755315592175,12.559956204204,4
0.618016741100495,10.6988061173137,4
-0.698035315154562,14.1024507280389,4
2.39389336807284,7.86053017973144,4
0.480020888073024,8.18304192814982,5
0.220097506826203,9.3192289949184,5
1.68901465097693,9.88370890095327,5
-0.0102221671716963,10.5875698423208,5
0.678662632626709,9.49372047581644,5
1.18966453761994,12.6540345483676,5
1.90851052101931,10.0321022493489,5
-0.825810010664619,8.85891777005616,5
0.2449565317274,9.53663266055391,5
-2.40842145696803,12.56297172477,5
-0.846098189243663,7.10574437818176,5
-0.750100905086111,9.64626492408014,5
-1.17113639116959,12.01348284752,5
0.203996492613975,6.17519069745818,5
-0.157558870980816,7.84349419954696,5
-0.832852723384214,12.8366506982307,5
0.246487517969431,14.3681748706517,5
-0.461542185090304,7.92461728903796,5
-0.63308661790265,10.8509780413836,5
-0.17767693384502,9.33425040977695,5
1.38015993274426,11.0490046494648,5
-0.383212627132811,6.71261275473669,5
-0.234252253887947,12.6771616490688,5
-0.39904480804637,9.60559350263082,5
0.717510278385798,12.5534821303177,5
0.26016406367287,8.66966320643614,5
0.0256608541957374,5.50047499125096,5
1.36829219892977,7.80710550405423,5
-0.0932667516833756,10.4116591961083,5
-1.22738388072978,9.56781288138242,5
-0.350658954127831,12.7670040570016,5
-1.07838150803928,12.051043060419,5
1.38121393791768,8.60302510494464,5
-0.27051860105364,14.3534330944157,5
-0.0643456341746735,9.08374544438952,5
-0.485618577324826,10.3132793602769,5
1.31877784033417,10.835338708626,5
-0.789136002508114,10.2415647773504,5
2.50066564328932,7.98646244842237,5
-0.0997593245636119,12.4452781017749,5
-0.4523131362551,9.54731052342585,5
-0.281804140778256,7.71943141471859,5
-1.39391272617727,10.6434237503645,5
-0.179099216728735,8.10351357163703,5
-1.09137058390926,7.28009998068631,5
0.257333332771635,6.82746562765448,5
-0.282914531729823,9.0856391816598,5
0.699299520795367,9.86971051609525,5
0.590862086934313,10.9688382411078,5
0.341614723190678,10.6380493899064,5
2.20259025745676,11.1667569644496,5
0.0499246811258878,8.82643955329161,5
0.53790136637214,10.4949987446634,5
0.0958453446312975,8.66640240136045,5
-0.634286992554708,8.95845053249889,5
0.714457538666577,8.04671577287099,5
0.525767446585822,10.2036887627288,5
-1.90131497463368,12.1007525007924,5
-0.21618195542221,4.76681034568783,5
-0.0307864468250671,9.88591863463712,5
0.733963260409083,12.8660134215474,5
-0.948737771115329,7.59457784016338,5
2.20180162839768,7.85742388127171,5
-0.531720469872842,9.79381138904884,5
2.28416410963721,9.20499667092299,5
-1.56211246039024,7.25153977341289,5
-0.16944298000879,6.37531648520838,5
-0.895695248909448,7.45505945396849,5
2.49491885075597,13.2820941592983,5
-0.779789046376833,10.8059620474997,5
0.497328945773506,15.4186320035166,5
-0.771970490667492,10.6182987352021,5
0.0676138046341136,11.8738999241323,5
0.598686346184345,9.56995977358257,5
-1.38194110756244,11.7809350462935,5
-0.193085408759984,8.26150757873604,5
-0.113533921515354,11.0647560827128,5
-1.14268609941489,11.837377793164,5
-1.0816906458438,6.72667245784069,5
-1.12444412453944,12.977540147325,5
-1.09783711105698,8.09710583893019,5
0.871298589610768,10.9552616862406,5
0.649334658928944,10.5878217063636,5
1.08543594908885,9.33183037001111,5
-1.00188262142916,11.0407130522785,5
-0.435382174611195,7.86993943645728,5
1.7235860283827,7.86786378152327,5
-1.66672951417977,11.1208084436701,5
1.13450649071726,11.4986920367962,5
1.39413597535195,9.15368728297331,5
0.998370918331141,9.20550963628589,5
-1.81693231540728,11.5867641545146,5
-0.57785037717777,9.46516221324863,5
0.278179801586755,10.7370990152682,5
-1.0414041676844,9.7451666478718,5
0.285188312048492,13.7721541257974,5
-0.798755315592175,11.3068547351874,5
0.618016741100495,11.8119134541617,5
-0.698035315154562,11.5533326974768,5
2.39389336807284,4.79366512018688,5
0.480020888073024,8.13966824812147,6
0.220097506826203,10.8929659138503,6
1.68901465097693,9.68669299970441,6
-0.0102221671716963,9.69862773363642,6
0.678662632626709,13.544115930737,6
1.18966453761994,9.77301025147767,6
1.90851052101931,11.6123319006081,6
-0.825810010664619,6.63289260711855,6
0.2449565317274,6.53534275936644,6
-2.40842145696803,11.7968286531462,6
-0.846098189243663,10.2716389815525,6
-0.750100905086111,11.7744697476912,6
-1.17113639116959,13.8138933700321,6
0.203996492613975,10.7074253610307,6
-0.157558870980816,8.86295585264218,6
-0.832852723384214,8.87042085781861,6
0.246487517969431,11.9322349916901,6
-0.461542185090304,9.53735518416782,6
-0.63308661790265,8.70920994915212,6
-0.17767693384502,7.1003637170246,6
1.38015993274426,10.1349168154827,6
-0.383212627132811,9.96776942961992,6
-0.234252253887947,9.68669214100555,6
-0.39904480804637,7.90364336485636,6
0.717510278385798,8.25050766827266,6
0.26016406367287,11.4863651040988,6
0.0256608541957374,6.54683565039443,6
1.36829219892977,10.5947378509238,6
-0.0932667516833756,11.787744937104,6
-1.22738388072978,12.4353460190079,6
-0.350658954127831,11.553158613538,6
-1.07838150803928,8.81700492128782,6
1.38121393791768,9.35439936613152,6
-0.27051860105364,12.5399802960672,6
-0.0643456341746735,9.21230559392882,6
-0.485618577324826,13.2874502509855,6
1.31877784033417,9.43792873678184,6
-0.789136002508114,7.43525649271934,6
2.50066564328932,10.6658437443824,6
-0.0997593245636119,9.39725288786809,6
-0.4523131362551,9.62864354892525,6
-0.281804140778256,6.45012051715057,6
-1.39391272617727,9.72813003525103,6
-0.179099216728735,7.35200172288491,6
-1.09137058390926,8.41711857261302,6
0.257333332771635,7.28709734621238,6
-0.282914531729823,7.86267834487976,6
0.699299520795367,8.44801955093773,6
0.590862086934313,11.5133970209281,6
0.341614723190678,11.1446626365414,6
2.20259025745676,11.5952745134266,6
0.0499246811258878,7.92275870046477,6
0.53790136637214,7.03196389489363,6
0.0958453446312975,9.04092486248727,6
-0.634286992554708,11.6320554115074,6
0.714457538666577,7.80000738344183,6
0.525767446585822,12.1287947022431,6
-1.90131497463368,5.25070390725451,6
-0.21618195542221,10.338743758324,6
-0.0307864468250671,6.85648704134296,6
0.733963260409083,9.15001567303539,6
-0.948737771115329,10.1911458354961,6
2.20180162839768,10.8243223666336,6
-0.531720469872842,7.60942163040935,6
2.28416410963721,11.1594165758489,6
-1.56211246039024,9.99847621559388,6
-0.16944298000879,11.603711470287,6
-0.895695248909448,11.1017005978572,6
2.49491885075597,9.1377785896924,6
-0.779789046376833,12.9964199223502,6
0.497328945773506,10.9063831562051,6
-0.771970490667492,11.3015328058587,6
0.0676138046341136,8.63851628145278,6
0.598686346184345,9.78929696242925,6
-1.38194110756244,3.82833563466861,6
-0.193085408759984,10.8027524992829,6
-0.113533921515354,10.0808855580678,6
-1.14268609941489,11.5881753936148,6
-1.0816906458438,8.43708627612215,6
-1.12444412453944,5.18111642926121,6
-1.09783711105698,10.1152844036465,6
0.871298589610768,12.0242184438839,6
0.649334658928944,7.21883462371047,6
1.08543594908885,10.6880022149348,6
-1.00188262142916,10.5561641951555,6
-0.435382174611195,11.0057986129518,6
1.7235860283827,11.4202956901946,6
-1.66672951417977,15.9419317748114,6
1.13450649071726,6.95068211873853,6
1.39413597535195,9.27302649519398,6
0.998370918331141,11.3040832869171,6
-1.81693231540728,5.55606680756064,6
-0.57785037717777,10.6675994155652,6
0.278179801586755,9.91883205320472,6
-1.0414041676844,11.8567083651074,6
0.285188312048492,10.0957765355189,6
-0.798755315592175,9.81137687653751,6
0.618016741100495,12.2995514897564,6
-0.698035315154562,8.37119450682484,6
2.39389336807284,11.1861746429608,6
0.480020888073024,14.3223514035207,7
0.220097506826203,10.1736029872961,7
1.68901465097693,5.66916029746481,7
-0.0102221671716963,8.62553682750512,7
0.678662632626709,12.2979654895216,7
1.18966453761994,5.96511770568458,7
1.90851052101931,7.99810257285675,7
-0.825810010664619,10.856532786704,7
0.2449565317274,11.507242643241,7
-2.40842145696803,10.9241707046475,7
-0.846098189243663,5.51813380294369,7
-0.750100905086111,8.66613448749313,7
-1.17113639116959,9.70940159546529,7
0.203996492613975,9.66180878975312,7
-0.157558870980816,7.03874450470955,7
-0.832852723384214,6.71842346043109,7
0.246487517969431,8.96834608333166,7
-0.461542185090304,12.805982392041,7
-0.63308661790265,9.37766120723027,7
-0.17767693384502,9.89106874640895,7
1.38015993274426,14.6847506535285,7
-0.383212627132811,12.091515983814,7
-0.234252253887947,9.36488263528445,7
-0.39904480804637,11.9139918753752,7
0.717510278385798,7.50438965911071,7
0.26016406367287,9.34838994557357,7
0.0256608541957374,9.67053838535521,7
1.36829219892977,12.4192066603982,7
-0.0932667516833756,9.48601110838686,7
-1.22738388072978,9.98964429173995,7
-0.350658954127831,8.21662125299652,7
-1.07838150803928,10.4865952528929,7
1.38121393791768,8.77722529165684,7
-0.27051860105364,13.269140035887,7
-0.0643456341746735,8.02643533264256,7
-0.485618577324826,8.63891666101729,7
1.31877784033417,11.5993686057207,7
-0.789136002508114,14.0750201774011,7
2.50066564328932,10.0611323444057,7
-0.0997593245636119,7.6999620452838,7
-0.4523131362551,9.41615478445162,7
-0.281804140778256,11.5365153365743,7
-1.39391272617727,9.40009807375171,7
-0.179099216728735,7.40010443250111,7
-1.09137058390926,11.9715921573738,7
0.257333332771635,11.0010101037253,7
-0.282914531729823,11.6724928708138,7
0.699299520795367,12.9817345844658,7
0.590862086934313,8.05767929708242,7
0.341614723190678,13.9618511145865,7
2.20259025745676,10.4701284714827,7
0.0499246811258878,11.8848932107237,7
0.53790136637214,10.3904700934774,7
0.0958453446312975,7.91387219500042,7
-0.634286992554708,8.02053207234956,7
0.714457538666577,6.17123493592981,7
0.525767446585822,12.0035604983878,7
-1.90131497463368,11.2668665212859,7
-0.21618195542221,9.07055455353656,7
-0.0307864468250671,9.47243863359495,7
0.733963260409083,7.22165165305247,7
-0.948737771115329,8.46616321985868,7
2.20180162839768,8.93625517871959,7
-0.531720469872842,11.7269107274524,7
2.28416410963721,11.1412032075202,7
-1.56211246039024,10.1791270252105,7
-0.16944298000879,7.19496495005097,7
-0.895695248909448,8.17553286040468,7
2.49491885075597,13.8040921518389,7
-0.779789046376833,14.347142601756,7
0.497328945773506,10.2997749047995,7
-0.771970490667492,8.53411571310649,7
0.0676138046341136,7.48419989059974,7
0.598686346184345,11.3601817544111,7
-1.38194110756244,6.66348792973695,7
-0.193085408759984,12.2244156951081,7
-0.113533921515354,14.0899992251819,7
-1.14268609941489,8.85255883755856,7
-1.0816906458438,7.33926337480284,7
-1.12444412453944,7.64363539795382,7
-1.09783711105698,11.5335295461376,7
0.871298589610768,9.74150997068514,7
0.649334658928944,9.66584001882592,7
1.08543594908885,8.56774877373099,7
-1.00188262142916,9.45088059325433,7
-0.435382174611195,9.16930688887441,7
1.7235860283827,13.4895227829036,7
-1.66672951417977,10.7758631057171,7
1.13450649071726,10.7476746460084,7
1.39413597535195,10.394589655452,7
0.998370918331141,12.1113911164303,7
-1.81693231540728,11.0250643013374,7
-0.57785037717777,9.37597102529718,7
0.278179801586755,13.77805584547,7
-1.0414041676844,10.7630502021981,7
0.285188312048492,5.3245909652838,7
-0.798755315592175,10.3983571510761,7
0.618016741100495,9.40366774329762,7
-0.698035315154562,10.1949409512156,7
2.39389336807284,9.09274364392915,7
0.480020888073024,8.12419654526206,8
0.220097506826203,6.92428538167389,8
1.68901465097693,10.0882612785443,8
-0.0102221671716963,12.4094247957102,8
0.678662632626709,12.3134846282088,8
1.18966453761994,5.91685734628816,8
1.90851052101931,8.64053521830779,8
-0.825810010664619,6.19866852556364,8
0.2449565317274,10.1135351370487,8
-2.40842145696803,13.8216876661628,8
-0.846098189243663,8.68901433363503,8
-0.750100905086111,5.19104990953385,8
-1.17113639116959,11.2991391497479,8
0.203996492613975,11.4314904176415,8
-0.157558870980816,6.6562420943308,8
-0.832852723384214,9.65526931510625,8
0.246487517969431,8.67562971883499,8
-0.461542185090304,9.98251177080553,8
-0.63308661790265,8.78703923204109,8
-0.17767693384502,10.8825900239629,8
1.38015993274426,9.51175938345314,8
-0.383212627132811,8.40637114266339,8
-0.234252253887947,9.67817445181858,8
-0.39904480804637,8.14226926143077,8
0.717510278385798,11.2788570083892,8
0.26016406367287,8.20259852637586,8
0.0256608541957374,13.0148043302607,8
1.36829219892977,8.56111826665425,8
-0.0932667516833756,9.41152656701634,8
-1.22738388072978,8.72407942611378,8
-0.350658954127831,9.53729293442611,8
-1.07838150803928,7.20170100917969,8
1.38121393791768,10.5613766311375,8
-0.27051860105364,8.51973489679754,8
-0.0643456341746735,11.5695287349609,8
-0.485618577324826,11.8638864743904,8
1.31877784033417,12.5589790024207,8
-0.789136002508114,6.868781781114,8
2.50066564328932,12.4306373972387,8
-0.0997593245636119,11.7152357887714,8
-0.4523131362551,10.4803178964694,8
-0.281804140778256,10.0609794714437,8
-1.39391272617727,12.4275762865136,8
-0.179099216728735,11.253386972766,8
-1.09137058390926,11.8210930379197,8
0.257333332771635,14.0973004134111,8
-0.282914531729823,12.976598410117,8
0.699299520795367,10.8765134842162,8
0.590862086934313,11.8727918097745,8
0.341614723190678,8.91813448225061,8
2.20259025745676,8.83287183387398,8
0.0499246811258878,10.3084325762524,8
0.53790136637214,11.6904647833722,8
0.0958453446312975,9.25489456031514,8
-0.634286992554708,13.5507673029586,8
0.714457538666577,9.08489455892576,8
0.525767446585822,8.39263056809246,8
-1.90131497463368,8.19215276674238,8
-0.21618195542221,11.0165741389111,8
-0.0307864468250671,9.55683034126379,8
0.733963260409083,9.73969732504253,8
-0.948737771115329,10.2971103647358,8
2.20180162839768,8.02411176489376,8
-0.531720469872842,9.05826646430263,8
2.28416410963721,11.0300163376385,8
-1.56211246039024,10.8550286660609,8
-0.16944298000879,9.27316958178445,8
-0.895695248909448,9.16256742366809,8
2.49491885075597,10.2513041368729,8
-0.779789046376833,6.99205870402148,8
0.497328945773506,12.7211616681533,8
-0.771970490667492,8.84574521291268,8
0.0676138046341136,10.3468513209451,8
0.598686346184345,8.82937048532035,8
-1.38194110756244,6.55777311189489,8
-0.193085408759984,8.11071378865944,8
-0.113533921515354,11.7551405176124,8
-1.14268609941489,10.4753198040567,8
-1.0816906458438,10.187368842346,8
-1.12444412453944,10.9750775135143,8
-1.09783711105698,8.86869624648686,8
0.871298589610768,10.7085432373494,8
0.649334658928944,9.12975518304862,8
1.08543594908885,12.4631428581356,8
-1.00188262142916,12.130288688686,8
-0.435382174611195,9.66098147991126,8
1.7235860283827,5.03702066537935,8
-1.66672951417977,14.0136000667374,8
1.13450649071726,11.6771965330695,8
1.39413597535195,11.9213044447505,8
0.998370918331141,9.63315074672246,8
-1.81693231540728,12.9304816577014,8
-0.57785037717777,10.1399614873205,8
0.278179801586755,11.1359876973456,8
-1.0414041676844,11.1396303506805,8
0.285188312048492,8.35524610800998,8
-0.798755315592175,8.95928129628468,8
0.618016741100495,6.70339315606889,8
-0.698035315154562,9.95278394520134,8
2.39389336807284,11.0035313779413,8
0.480020888073024,9.37015486319263,9
0.220097506826203,8.09136311909512,9
1.68901465097693,10.9661082361058,9
-0.0102221671716963,8.7832097129719,9
0.678662632626709,5.20133374143445,9
1.18966453761994,7.38283126817893,9
1.90851052101931,11.29988875474,9
-0.825810010664619,9.48160169288071,9
0.2449565317274,8.10682977671905,9
-2.40842145696803,10.9269725827777,9
-0.846098189243663,9.62152151392899,9
-0.750100905086111,12.6535644843299,9
-1.17113639116959,12.4838760803637,9
0.203996492613975,9.84635469968958,9
-0.157558870980816,10.171212658416,9
-0.832852723384214,9.95291869925671,9
0.246487517969431,8.02826251322734,9
-0.461542185090304,7.83549065678235,9
-0.63308661790265,7.94839654440311,9
-0.17767693384502,10.9120920174352,9
1.38015993274426,10.4480456274332,9
-0.383212627132811,8.77027801561646,9
-0.234252253887947,13.4199479283439,9
-0.39904480804637,10.5841906552645,9
0.717510278385798,9.27103281735129,9
0.26016406367287,10.9695853980855,9
0.0256608541957374,5.52394950998444,9
1.36829219892977,10.8282491834956,9
-0.0932667516833756,10.5473884398758,9
-1.22738388072978,8.53420222595274,9
-0.350658954127831,7.24857249561963,9
-1.07838150803928,7.32742856101272,9
1.38121393791768,9.24223576187565,9
-0.27051860105364,10.2180575285324,9
-0.0643456341746735,4.38121042419344,9
-0.485618577324826,8.9950360734242,9
1.31877784033417,10.7677284650104,9
-0.789136002508114,8.90082561100448,9
2.50066564328932,14.5702163266957,9
-0.0997593245636119,5.39041585959402,9
-0.4523131362551,10.3819017725293,9
-0.281804140778256,8.26252227785243,9
-1.39391272617727,10.4545182022441,9
-0.179099216728735,9.02742776385995,9
-1.09137058390926,12.2422954400385,9
0.257333332771635,7.31676666308477,9
-0.282914531729823,9.62420518340774,9
0.699299520795367,10.2743144515755,9
0.590862086934313,10.3226198486381,9
0.341614723190678,7.97818865349844,9
2.20259025745676,10.247529372056,9
0.0499246811258878,7.52770640049292,9
0.53790136637214,7.48841200060597,9
0.0958453446312975,9.91970354503671,9
-0.634286992554708,9.06732883739231,9
0.714457538666577,10.20194247596,9
0.525767446585822,10.2940568511216,9
-1.90131497463368,5.63282816580143,9
-0.21618195542221,11.6459134869362,9
-0.0307864468250671,10.2579024419321,9
0.733963260409083,12.462857161478,9
-0.948737771115329,7.20543307342701,9
2.20180162839768,7.77743516986622,9
-0.531720469872842,10.5089160098256,9
2.28416410963721,11.9826389382078,9
-1.56211246039024,14.75638348339,9
-0.16944298000879,10.1793717885317,9
-0.895695248909448,11.0689915815365,9
2.49491885075597,10.0843937744747,9
-0.779789046376833,9.10666405732271,9
0.497328945773506,10.8719773305068,9
-0.771970490667492,13.0033546243776,9
0.0676138046341136,10.9107220276832,9
0.598686346184345,8.54338625480049,9
-1.38194110756244,8.80639973489336,9
-0.193085408759984,8.71480668450507,9
-0.113533921515354,5.90275276714252,9
-1.14268609941489,11.3180729128897,9
-1.0816906458438,8.37404818725284,9
-1.12444412453944,6.61770559076019,9
-1.09783711105698,11.1960046666192,9
0.871298589610768,10.2405055418718,9
0.649334658928944,7.27538198414188,9
1.08543594908885,11.3735803867431,9
-1.00188262142916,11.3541020525388,9
-0.435382174611195,6.92688797502007,9
1.7235860283827,9.79619414786219,9
-1.66672951417977,10.8661841414013,9
1.13450649071726,10.1976415003636,9
1.39413597535195,10.3976360980829,9
0.998370918331141,6.48554298445391,9
-1.81693231540728,7.67534586901792,9
-0.57785037717777,11.4203925113784,9
0.278179801586755,7.39789220060193,9
-1.0414041676844,9.60614638740861,9
0.285188312048492,9.97506674487655,9
-0.798755315592175,10.5451312056808,9
0.618016741100495,8.33161954236794,9
-0.698035315154562,9.61086314508442,9
2.39389336807284,5.93038944775121,9
0.480020888073024,11.7992746027484,10
0.220097506826203,6.88490894227561,10
1.68901465097693,11.0898580010262,10
-0.0102221671716963,10.3372187519021,10
0.678662632626709,10.0964723580204,10
1.18966453761994,11.5116505850627,10
1.90851052101931,12.312305127751,10
-0.825810010664619,9.92551935085272,10
0.2449565317274,12.4657813866446,10
-2.40842145696803,8.11621007468303,10
-0.846098189243663,9.05126664598903,10
-0.750100905086111,9.9302163189849,10
-1.17113639116959,9.45557149394562,10
0.203996492613975,8.21532179038969,10
-0.157558870980816,9.53173255552341,10
-0.832852723384214,5.13097088602713,10
0.246487517969431,10.0775207487924,10
-0.461542185090304,10.9975017931967,10
-0.63308661790265,9.93421675020983,10
-0.17767693384502,11.1629062687167,10
1.38015993274426,6.71848134135542,10
-0.383212627132811,8.1250199625441,10
-0.234252253887947,9.52237873781164,10
-0.39904480804637,10.0017460688828,10
0.717510278385798,11.0881145721267,10
0.26016406367287,8.92026360185643,10
0.0256608541957374,10.8019944755543,10
1.36829219892977,11.2073636708459,10
-0.0932667516833756,9.10801753128509,10
-1.22738388072978,7.07815968372139,10
-0.350658954127831,9.46992753864179,10
-1.07838150803928,5.47679547430845,10
1.38121393791768,14.1761384304461,10
-0.27051860105364,14.2464001544607,10
-0.0643456341746735,12.3110288467615,10
-0.485618577324826,10.0485673756679,10
1.31877784033417,11.6468398004949,10
-0.789136002508114,7.1398370062944,10
2.50066564328932,11.3813736583643,10
-0.0997593245636119,7.21864488883223,10
-0.4523131362551,11.2624023701561,10
-0.281804140778256,10.4708384596105,10
-1.39391272617727,10.5014604857572,10
-0.179099216728735,8.35967793835486,10
-1.09137058390926,10.2098175275879,10
0.257333332771635,6.50198428618389,10
-0.282914531729823,8.55378833994829,10
0.699299520795367,10.4653378439538,10
0.590862086934313,12.7092761450324,10
0.341614723190678,10.3681862333313,10
2.20259025745676,9.2829482215227,10
0.0499246811258878,11.1579156545119,10
0.53790136637214,8.85037445213099,10
0.0958453446312975,9.88729146534783,10
-0.634286992554708,8.95141577838171,10
0.714457538666577,10.480554826135,10
0.525767446585822,11.5092611017417,10
-1.90131497463368,6.00221971009008,10
-0.21618195542221,12.1603419087609,10
-0.0307864468250671,8.0903878926053,10
0.733963260409083,12.0152526864734,10
-0.948737771115329,8.67438572307832,10
2.20180162839768,8.6639902255387,10
-0.531720469872842,6.93689858768847,10
2.28416410963721,9.56584824883655,10
-1.56211246039024,11.1995529924464,10
-0.16944298000879,7.1955360393949,10
-0.895695248909448,10.1146687191956,10
2.49491885075597,13.0019680161123,10
-0.779789046376833,8.25895165821022,10
0.497328945773506,12.8803547645733,10
-0.771970490667492,6.12052046615315,10
0.0676138046341136,11.1395810690165,10
0.598686346184345,6.44636415001255,10
-1.38194110756244,11.2049350828791,10
-0.193085408759984,7.95833653947326,10
-0.113533921515354,12.8013987692361,10
-1.14268609941489,11.2942214057435,10
-1.0816906458438,8.5682148775528,10
-1.12444412453944,10.6662792742641,10
-1.09783711105698,6.93594499298557,10
0.871298589610768,10.1629842871134,10
0.649334658928944,8.77302437262733,10
1.08543594908885,11.0862032704264,10
-1.00188262142916,6.87780576831578,10
-0.435382174611195,9.29525918811765,10
1.7235860283827,8.30029022537387,10
-1.66672951417977,7.51207348751276,10
1.13450649071726,11.4954511015108,10
1.39413597535195,16.7223051622636,10
0.998370918331141,11.4462166404605,10
-1.81693231540728,11.2313815181781,10
-0.57785037717777,11.9650547041866,10
0.278179801586755,12.0670359487884,10
-1.0414041676844,9.21920235408843,10
0.285188312048492,8.76268840277579,10
-0.798755315592175,11.5535443872742,10
0.618016741100495,9.66736885512501,10
-0.698035315154562,9.44560545169323,10
2.39389336807284,11.1215587304998,10
0.480020888073024,6.71285187971395,11
0.220097506826203,10.0831218400639,11
1.68901465097693,8.06480401627845,11
-0.0102221671716963,10.4178460800941,11
0.678662632626709,9.53284417873965,11
1.18966453761994,10.7352391287235,11
1.90851052101931,12.2174830854803,11
-0.825810010664619,10.1261805328171,11
0.2449565317274,8.20649446750206,11
-2.40842145696803,10.9500315870172,11
-0.846098189243663,7.50442065941541,11
-0.750100905086111,8.41657675256257,11
-1.17113639116959,12.9877836982743,11
0.203996492613975,9.17107193995171,11
-0.157558870980816,11.4779489596286,11
-0.832852723384214,7.87806723526303,11
0.246487517969431,10.3632655899696,11
-0.461542185090304,9.35849142795517,11
-0.63308661790265,8.58579048058,11
-0.17767693384502,9.05114128073287,11
1.38015993274426,9.25230738951963,11
-0.383212627132811,10.2208434765162,11
-0.234252253887947,9.48104546117997,11
-0.39904480804637,10.8858005924113,11
0.717510278385798,7.51340570783869,11
0.26016406367287,12.158003601643,11
0.0256608541957374,10.0258199367814,11
1.36829219892977,10.7965632665129,11
-0.0932667516833756,9.53673973418242,11
-1.22738388072978,13.5850738109612,11
-0.350658954127831,10.0803137119633,11
-1.07838150803928,7.0408499595894,11
1.38121393791768,8.54345103631914,11
-0.27051860105364,10.2437338248763,11
-0.0643456341746735,7.740554950916,11
-0.485618577324826,7.92357184197067,11
1.31877784033417,5.68246400576327,11
-0.789136002508114,11.7410774625864,11
2.50066564328932,12.2589249921743,11
-0.0997593245636119,11.852053078752,11
-0.4523131362551,10.9066940692698,11
-0.281804140778256,9.3953728251823,11
-1.39391272617727,12.6690111981157,11
-0.179099216728735,9.62319343914656,11
-1.09137058390926,8.11735674462918,11
0.257333332771635,12.2807542119081,11
-0.282914531729823,14.398136847864,11
0.699299520795367,10.2289794625112,11
0.590862086934313,8.82461641235563,11
0.341614723190678,10.5650741553414,11
2.20259025745676,9.0422931880203,11
0.0499246811258878,9.94313833694779,11
0.53790136637214,14.0651731570042,11
0.0958453446312975,9.97651540436322,11
-0.634286992554708,12.5714048251598,11
0.714457538666577,9.96721242796136,11
0.525767446585822,9.58346186675072,11
-1.90131497463368,10.645232576979,11
-0.21618195542221,10.8911486980136,11
-0.0307864468250671,6.14925625156169,11
0.733963260409083,10.5127645973739,11
-0.948737771115329,10.3192301178396,11
2.20180162839768,7.5426340458923,11
-0.531720469872842,10.5197865848801,11
2.28416410963721,8.30645996896363,11
-1.56211246039024,10.829105332963,11
-0.16944298000879,11.8385757576975,11
-0.895695248909448,5.08897629757742,11
2.49491885075597,7.86601934392401,11
-0.779789046376833,10.5840549976053,11
0.497328945773506,12.4738038327662,11
-0.771970490667492,8.40206885929131,11
0.0676138046341136,6.79668132626366,11
0.598686346184345,10.2753381636416,11
-1.38194110756244,13.7521328066959,11
-0.193085408759984,8.21629074390574,11
-0.113533921515354,10.9062229252772,11
-1.14268609941489,10.2150786161927,11
-1.0816906458438,8.35976858190775,11
-1.12444412453944,11.0775141072611,11
-1.09783711105698,8.02967273645365,11
0.871298589610768,11.352417281037,11
0.649334658928944,13.1742880961833,11
1.08543594908885,9.47441708427105,11
-1.00188262142916,11.477106234874,11
-0.435382174611195,10.5899516909934,11
1.7235860283827,9.95983296586498,11
-1.66672951417977,5.9695902857654,11
1.13450649071726,9.61692831724701,11
1.39413597535195,9.94949098356315,11
0.998370918331141,9.99176020344199,11
-1.81693231540728,8.29666908474027,11
-0.57785037717777,10.155310132049,11
0.278179801586755,7.83079033979575,11
-1.0414041676844,12.2791960497861,11
0.285188312048492,10.1581223193058,11
-0.798755315592175,12.0838280775562,11
0.618016741100495,11.8450641933993,11
-0.698035315154562,7.50847401873378,11
2.39389336807284,8.63576382358812,11
0.480020888073024,9.74524920826585,12
0.220097506826203,10.5069864821102,12
1.68901465097693,9.24217340462043,12
-0.0102221671716963,6.94613957930141,12
0.678662632626709,12.433867665521,12
1.18966453761994,12.6469252004658,12
1.90851052101931,9.06700547650163,12
-0.825810010664619,10.7625580269693,12
0.2449565317274,9.90702070076269,12
-2.40842145696803,10.8713211486277,12
-0.846098189243663,7.32263734963756,12
-0.750100905086111,7.2656431162232,12
-1.17113639116959,9.36666215923318,12
0.203996492613975,9.29874131157016,12
-0.157558870980816,11.2640836408061,12
-0.832852723384214,6.37345087553492,12
0.246487517969431,8.157832906144,12
-0.461542185090304,10.5348614033616,12
-0.63308661790265,8.57179597536636,12
-0.17767693384502,11.5363884561475,12
1.38015993274426,9.63303021152125,12
-0.383212627132811,12.1875883090831,12
-0.234252253887947,10.8220329477112,12
-0.39904480804637,11.8599013963608,12
0.717510278385798,10.543982293431,12
0.26016406367287,9.14643212056666,12
0.0256608541957374,12.6789338180984,12
1.36829219892977,6.43339445915093,12
-0.0932667516833756,6.94532116226654,12
-1.22738388072978,5.30363246561849,12
-0.350658954127831,9.19329600036011,12
-1.07838150803928,8.78278717559081,12
1.38121393791768,10.7864622195888,12
-0.27051860105364,7.25506522603167,12
-0.0643456341746735,9.80777618755857,12
-0.485618577324826,7.86700724088257,12
1.31877784033417,10.0365070719726,12
-0.789136002508114,13.885757283295,12
2.50066564328932,8.95421131200943,12
-0.0997593245636119,10.3392498294767,12
-0.4523131362551,10.2134882967269,12
-0.281804140778256,11.7323469420528,12
-1.39391272617727,12.1181592582661,12
-0.179099216728735,11.6000785701426,12
-1.09137058390926,8.34734275239477,12
0.257333332771635,9.67555029081612,12
-0.282914531729823,8.89563798384425,12
0.699299520795367,12.5402224538101,12
0.590862086934313,7.79391779879323,12
0.341614723190678,9.46032331209509,12
2.20259025745676,12.0803635039053,12
0.0499246811258878,9.95226235500803,12
0.53790136637214,10.213262618459,12
0.0958453446312975,12.5410677004678,12
-0.634286992554708,12.9052037416691,12
0.714457538666577,9.62639293166958,12
0.525767446585822,8.74161859988763,12
-1.90131497463368,3.69195835420119,12
-0.21618195542221,8.33938470874933,12
-0.0307864468250671,13.0223975524675,12
0.733963260409083,9.84051591091247,12
-0.948737771115329,9.01813873314935,12
2.20180162839768,11.4298687737235,12
-0.531720469872842,12.1174719039703,12
2.28416410963721,12.6848556149792,12
-1.56211246039024,7.66368347474152,12
-0.16944298000879,9.66928389126221,12
-0.895695248909448,10.724770661087,12
2.49491885075597,9.08152815354153,12
-0.779789046376833,12.4380411439515,12
0.497328945773506,8.12749577860811,12
-0.771970490667492,12.4696495929841,12
0.0676138046341136,15.0559819140542,12
0.598686346184345,11.6133572980765,12
-1.38194110756244,9.98473957474704,12
-0.193085408759984,11.4695601730362,12
-0.113533921515354,10.0310513538154,12
-1.14268609941489,9.22760983636837,12
-1.0816906458438,11.925759054463,12
-1.12444412453944,9.42673296821382,12
-1.09783711105698,7.05706691664808,12
0.871298589610768,11.3032587334963,12
0.649334658928944,11.8671677420981,12
1.08543594908885,12.5812834783509,12
-1.00188262142916,9.80113960682499,12
-0.435382174611195,9.60570309569318,12
1.7235860283827,7.99523254423995,12
-1.66672951417977,10.3636651648922,12
1.13450649071726,11.2031994631138,12
1.39413597535195,11.1371524606584,12
0.998370918331141,6.87936300957238,12
-1.81693231540728,9.53894345698278,12
-0.57785037717777,4.27729431313163,12
0.278179801586755,10.4936155769061,12
-1.0414041676844,10.1560029851775,12
0.285188312048492,6.42454938024758,12
-0.798755315592175,8.03905545394717,12
0.618016741100495,13.8282196856232,12
-0.698035315154562,6.72367378598221,12
2.39389336807284,10.8517226489976,12
0.480020888073024,13.1990902653474,13
0.220097506826203,8.85991120237492,13
1.68901465097693,9.76763548413882,13
-0.0102221671716963,5.61188431153825,13
0.678662632626709,8.50888340735274,13
1.18966453761994,12.101083570727,13
1.90851052101931,12.5528279985182,13
-0.825810010664619,9.56304951850764,13
0.2449565317274,10.0313865592451,13
-2.40842145696803,10.1265212805909,13
-0.846098189243663,6.39266159733073,13
-0.750100905086111,7.30900799575852,13
-1.17113639116959,12.8569742923503,13
0.203996492613975,11.8623302153686,13
-0.157558870980816,10.8838633147637,13
-0.832852723384214,8.1805734761003,13
0.246487517969431,6.87967329828613,13
-0.461542185090304,6.5229757595919,13
-0.63308661790265,10.8736699833153,13
-0.17767693384502,9.02653173151281,13
1.38015993274426,8.51330059297213,13
-0.383212627132811,10.2827001051499,13
-0.234252253887947,12.1644176874901,13
-0.39904480804637,8.76098553437604,13
0.717510278385798,7.95724865804514,13
0.26016406367287,13.1894437595518,13
0.0256608541957374,8.8781393454376,13
1.36829219892977,7.02481703005734,13
-0.0932667516833756,11.1026574670271,13
-1.22738388072978,10.0100885140328,13
-0.350658954127831,9.52121609097359,13
-1.07838150803928,7.46328965078097,13
1.38121393791768,6.06662570774377,13
-0.27051860105364,7.43179271399243,13
-0.0643456341746735,9.50131568382801,13
-0.485618577324826,10.693578050451,13
1.31877784033417,14.7637423334739,13
-0.789136002508114,8.19888254356214,13
2.50066564328932,11.8201471175389,13
-0.0997593245636119,10.9470661111298,13
-0.4523131362551,6.33403347362339,13
-0.281804140778256,7.43065280138854,13
-1.39391272617727,5.23684537591755,13
-0.179099216728735,9.55866317114342,13
-1.09137058390926,8.06257647564404,13
0.257333332771635,9.24694918178593,13
-0.282914531729823,7.68899960992221,13
0.699299520795367,11.1255066035295,13
0.590862086934313,8.73250145262495,13
0.341614723190678,7.26118346708127,13
2.20259025745676,8.90666191831254,13
0.0499246811258878,12.6490267839237,13
0.53790136637214,8.57960811465051,13
0.0958453446312975,8.53481996561732,13
-0.634286992554708,7.76209669621607,13
0.714457538666577,9.06429447380171,13
0.525767446585822,10.7552944189485,13
-1.90131497463368,7.20196913858171,13
-0.21618195542221,8.82020246983706,13
-0.0307864468250671,11.3058619602966,13
0.733963260409083,10.1196668486174,13
-0.948737771115329,9.09779296860216,13
2.20180162839768,9.50088269337263,13
-0.531720469872842,12.0977853050856,13
2.28416410963721,8.88871977041002,13
-1.56211246039024,9.21464455996336,13
-0.16944298000879,12.1739439492369,13
-0.895695248909448,9.27912533470371,13
2.49491885075597,9.98932306334112,13
-0.779789046376833,10.6515342249264,13
0.497328945773506,8.87375908359078,13
-0.771970490667492,11.4967806238427,13
0.0676138046341136,10.6841490351917,13
0.598686346184345,10.5244903396808,13
-1.38194110756244,9.37073254574267,13
-0.193085408759984,8.47176563243169,13
-0.113533921515354,9.52690191812341,13
-1.14268609941489,12.371400993762,13
-1.0816906458438,6.30890815225936,13
-1.12444412453944,10.0483754455244,13
-1.09783711105698,7.72698455857693,13
0.871298589610768,12.683840719673,13
0.649334658928944,11.4369591484839,13
1.08543594908885,4.4458307291166,13
-1.00188262142916,13.5509711558301,13
-0.435382174611195,9.49613654472966,13
1.7235860283827,12.7650862367251,13
-1.66672951417977,7.54843450622473,13
1.13450649071726,9.51471557105189,13
1.39413597535195,7.32299954969135,13
0.998370918331141,11.5115465393352,13
-1.81693231540728,8.24656433695349,13
-0.57785037717777,8.08285031786835,13
0.278179801586755,15.9729375459882,13
-1.0414041676844,10.6712852924336,13
0.285188312048492,10.5737001545975,13
-0.798755315592175,8.25018693728119,13
0.618016741100495,10.9182585525885,13
-0.698035315154562,9.5342499684457,13
2.39389336807284,5.6806955829856,13
0.480020888073024,8.86145467578961,14
0.220097506826203,5.82384191019176,14
1.68901465097693,8.47619046495513,14
-0.0102221671716963,8.62802029098001,14
0.678662632626709,11.6084076898224,14
1.18966453761994,7.29723117484516,14
1.90851052101931,14.4965414541745,14
-0.825810010664619,9.34591635851397,14
0.2449565317274,12.0989507087759,14
-2.40842145696803,8.64898405711503,14
-0.846098189243663,6.25723173135086,14
-0.750100905086111,9.23988683270399,14
-1.17113639116959,10.185895725884,14
0.203996492613975,9.01611501476954,14
-0.157558870980816,13.3535822156458,14
-0.832852723384214,9.92830993536527,14
0.246487517969431,10.205849087856,14
-0.461542185090304,6.89692082977295,14
-0.63308661790265,15.8111619459319,14
-0.17767693384502,6.31573276144034,14
1.38015993274426,9.144112732085,14
-0.383212627132811,10.1552325729828,14
-0.234252253887947,13.2544565016471,14
-0.39904480804637,7.55027336151752,14
0.717510278385798,9.52759450576389,14
0.26016406367287,9.71789058730904,14
0.0256608541957374,7.12477215566403,14
1.36829219892977,6.14013523045366,14
-0.0932667516833756,11.4171373812269,14
-1.22738388072978,9.84115727490765,14
-0.350658954127831,12.2249060030985,14
-1.07838150803928,10.6212170225484,14
1.38121393791768,7.86148015000545,14
-0.27051860105364,6.31352175707425,14
-0.0643456341746735,8.70001978330352,14
-0.485618577324826,11.4414107634269,14
1.31877784033417,8.09444604033573,14
-0.789136002508114,8.47487040102155,14
2.50066564328932,9.73752853460876,14
-0.0997593245636119,7.01332744794706,14
-0.4523131362551,7.11770172900285,14
-0.281804140778256,7.90468110419331,14
-1.39391272617727,10.6468497988276,14
-0.179099216728735,8.96622631741172,14
-1.09137058390926,10.4597099819531,14
0.257333332771635,10.9285840591035,14
-0.282914531729823,12.3654097890573,14
0.699299520795367,7.12048144743247,14
0.590862086934313,9.37444089346681,14
0.341614723190678,6.95070534220412,14
2.20259025745676,8.36774836891788,14
0.0499246811258878,9.71220175629532,14
0.53790136637214,7.16641696817041,14
0.0958453446312975,11.5401854805516,14
-0.634286992554708,8.79265868421865,14
0.714457538666577,7.20890760081887,14
0.525767446585822,8.69754434574037,14
-1.90131497463368,11.4646025509774,14
-0.21618195542221,13.0688373588154,14
-0.0307864468250671,8.41439890378527,14
0.733963260409083,10.5041729437508,14
-0.948737771115329,11.5618724423556,14
2.20180162839768,8.10959225777515,14
-0.531720469872842,6.81204516867914,14
2.28416410963721,9.01714869807889,14
-1.56211246039024,8.79896084524352,14
-0.16944298000879,9.69259021195307,14
-0.895695248909448,7.51316795228475,14
2.49491885075597,10.6521938099521,14
-0.779789046376833,6.40635666212047,14
0.497328945773506,4.79568621829759,14
-0.771970490667492,10.656232511449,14
0.0676138046341136,12.9076292047835,14
0.598686346184345,10.7471511780808,14
-1.38194110756244,13.3604837298511,14
-0.193085408759984,10.8143031277163,14
-0.113533921515354,11.9759533367391,14
-1.14268609941489,9.99627654054536,14
-1.0816906458438,6.19925656859127,14
-1.12444412453944,11.9167547136131,14
-1.09783711105698,11.0740699465557,14
0.871298589610768,6.2427638450221,14
0.649334658928944,13.4208974945072,14
1.08543594908885,6.40759377126721,14
-1.00188262142916,13.5565711009061,14
-0.435382174611195,11.3882123423333,14
1.7235860283827,9.96075018026571,14
-1.66672951417977,10.3978064727575,14
1.13450649071726,7.71920892703874,14
1.39413597535195,8.68503213417591,14
0.998370918331141,9.51986114246543,14
-1.81693231540728,8.82373198692816,14
-0.57785037717777,10.3989867496291,14
0.278179801586755,7.60724386867957,14
-1.0414041676844,12.0468797473698,14
0.285188312048492,6.31588884969706,14
-0.798755315592175,10.3975004757976,14
0.618016741100495,8.95972221781829,14
-0.698035315154562,7.23600460541279,14
2.39389336807284,10.7507320193313,14
0.480020888073024,9.02279981454197,15
0.220097506826203,7.35695563857999,15
1.68901465097693,12.3034631569722,15
-0.0102221671716963,11.9051396334901,15
0.678662632626709,10.3285647824179,15
1.18966453761994,11.7234319674837,15
1.90851052101931,9.27989550471391,15
-0.825810010664619,8.86134266560071,15
0.2449565317274,9.32244918596717,15
-2.40842145696803,9.50436168375493,15
-0.846098189243663,11.814260316216,15
-0.750100905086111,7.64026084215338,15
-1.17113639116959,13.1322165525719,15
0.203996492613975,11.7002994491251,15
-0.157558870980816,10.3332641452815,15
-0.832852723384214,9.87426271006078,15
0.246487517969431,10.6717683137923,15
-0.461542185090304,8.60924537030206,15
-0.63308661790265,7.6940026899367,15
-0.17767693384502,10.1521081661967,15
1.38015993274426,13.4197157248207,15
-0.383212627132811,9.40271128102446,15
-0.234252253887947,8.49691494756612,15
-0.39904480804637,11.7048120360504,15
0.717510278385798,8.92097511793754,15
0.26016406367287,12.0541125299138,15
0.0256608541957374,8.49475449314789,15
1.36829219892977,6.16489238309256,15
-0.0932667516833756,10.7610156970752,15
-1.22738388072978,9.85156795535958,15
-0.350658954127831,11.8626072697611,15
-1.07838150803928,6.99458042030685,15
1.38121393791768,10.9770733969155,15
-0.27051860105364,10.816707387946,15
-0.0643456341746735,5.22657958824057,15
-0.485618577324826,11.0978034566029,15
1.31877784033417,9.88070834727074,15
-0.789136002508114,11.2818894312763,15
2.50066564328932,10.7728588111076,15
-0.0997593245636119,11.960777980389,15
-0.4523131362551,10.7779717495567,15
-0.281804140778256,13.2808877750697,15
-1.39391272617727,9.90237150403845,15
-0.179099216728735,11.4364579939382,15
-1.09137058390926,11.9608381499364,15
0.257333332771635,7.50498604568058,15
-0.282914531729823,10.8307288663916,15
0.699299520795367,12.8362436612769,15
0.590862086934313,9.04947609583013,15
0.341614723190678,11.7860028186154,15
2.20259025745676,11.2321848484934,15
0.0499246811258878,12.784209726867,15
0.53790136637214,9.28282937478068,15
0.0958453446312975,8.23706959070044,15
-0.634286992554708,7.91502778234437,15
0.714457538666577,5.60253463151419,15
0.525767446585822,6.25285953830801,15
-1.90131497463368,6.94950508447924,15
-0.21618195542221,6.83007435992304,15
-0.0307864468250671,15.1319120305027,15
0.733963260409083,10.3631161151438,15
-0.948737771115329,10.3031825598425,15
2.20180162839768,11.724105141272,15
-0.531720469872842,7.24017976461128,15
2.28416410963721,10.8158721324611,15
-1.56211246039024,13.4442185096663,15
-0.16944298000879,4.49726192038549,15
-0.895695248909448,8.72624839113958,15
2.49491885075597,8.11524650036622,15
-0.779789046376833,10.8782545329387,15
0.497328945773506,10.849498471693,15
-0.771970490667492,7.0891674870659,15
0.0676138046341136,12.2110676498678,15
0.598686346184345,12.7274004997865,15
-1.38194110756244,5.74426735366371,15
-0.193085408759984,12.405536715491,15
-0.113533921515354,7.57910848857273,15
-1.14268609941489,7.88258171173283,15
-1.0816906458438,12.8788857789603,15
-1.12444412453944,13.0098510948503,15
-1.09783711105698,11.3486645457729,15
0.871298589610768,13.2454357196763,15
0.649334658928944,8.56313756338373,15
1.08543594908885,4.97764550098959,15
-1.00188262142916,4.6805204244583,15
-0.435382174611195,9.13212598002423,15
1.7235860283827,9.09057174223368,15
-1.66672951417977,12.0575102529437,15
1.13450649071726,12.4876019121056,15
1.39413597535195,8.48421062978471,15
0.998370918331141,8.57993416415569,15
-1.81693231540728,6.51992182675512,15
-0.57785037717777,17.77525324963,15
0.278179801586755,11.4583327503306,15
-1.0414041676844,12.1860957953047,15
0.285188312048492,8.43834669395904,15
-0.798755315592175,10.3627881135768,15
0.618016741100495,9.04786210980609,15
-0.698035315154562,7.73266620557852,15
2.39389336807284,10.7052600975433,15
0.480020888073024,8.94784862468542,16
0.220097506826203,6.29746553788314,16
1.68901465097693,10.0081530628826,16
-0.0102221671716963,11.0669772388673,16
0.678662632626709,10.1861161149121,16
1.18966453761994,11.3803885440267,16
1.90851052101931,7.35237747244229,16
-0.825810010664619,12.6983178794988,16
0.2449565317274,12.6146775529939,16
-2.40842145696803,12.4118252895932,16
-0.846098189243663,8.21748503322238,16
-0.750100905086111,8.98400529546863,16
-1.17113639116959,6.69945188999709,16
0.203996492613975,8.46734700268374,16
-0.157558870980816,8.96517936676827,16
-0.832852723384214,12.5534988118328,16
0.246487517969431,11.0290724834376,16
-0.461542185090304,8.49027277379928,16
-0.63308661790265,10.0193880345773,16
-0.17767693384502,12.7887172335112,16
1.38015993274426,5.45356961480138,16
-0.383212627132811,10.607308414171,16
-0.234252253887947,8.66956046716538,16
-0.39904480804637,9.48347985295887,16
0.717510278385798,10.6249627294646,16
0.26016406367287,6.81703216883603,16
0.0256608541957374,5.12261687945783,16
1.36829219892977,11.2174516094493,16
-0.0932667516833756,10.1396843444549,16
-1.22738388072978,7.75102140798684,16
-0.350658954127831,13.2009205930112,16
-1.07838150803928,5.83352102593287,16
1.38121393791768,14.5237637304163,16
-0.27051860105364,8.02271032301423,16
-0.0643456341746735,10.1176869284918,16
-0.485618577324826,14.4589739999049,16
1.31877784033417,9.75079982880512,16
-0.789136002508114,6.01094731851246,16
2.50066564328932,7.03228318421087,16
-0.0997593245636119,8.58245744019467,16
-0.4523131362551,11.9012791872637,16
-0.281804140778256,8.87648690097019,16
-1.39391272617727,8.9013856428594,16
-0.179099216728735,9.48214170474433,16
-1.09137058390926,10.3068492289379,16
0.257333332771635,10.8012610427869,16
-0.282914531729823,9.9827608867409,16
0.699299520795367,7.8374218714838,16
0.590862086934313,10.4639975426401,16
0.341614723190678,12.1943791632899,16
2.20259025745676,10.0258613564883,16
0.0499246811258878,14.1589801519865,16
0.53790136637214,12.803239951234,16
0.0958453446312975,13.6088567870415,16
-0.634286992554708,11.4100211761848,16
0.714457538666577,7.85978592518564,16
0.525767446585822,8.16397161129986,16
-1.90131497463368,13.4123485251155,16
-0.21618195542221,10.126409745019,16
-0.0307864468250671,8.31487573052594,16
0.733963260409083,12.5193262511813,16
-0.948737771115329,8.89735638374662,16
2.20180162839768,11.3095787763216,16
-0.531720469872842,9.8649685043902,16
2.28416410963721,10.2231110328683,16
-1.56211246039024,8.06750731803024,16
-0.16944298000879,6.6580740578362,16
-0.895695248909448,9.64137193773409,16
2.49491885075597,9.58381005933897,16
-0.779789046376833,12.5648274876847,16
0.497328945773506,10.8079823057642,16
-0.771970490667492,12.1725007244316,16
0.0676138046341136,11.3153833047438,16
0.598686346184345,8.88877889540749,16
-1.38194110756244,11.2652065674592,16
-0.193085408759984,9.11391586301447,16
-0.113533921515354,8.03440769798738,16
-1.14268609941489,9.35342107579713,16
-1.0816906458438,10.2918961969714,16
-1.12444412453944,9.4374478077661,16
-1.09783711105698,8.28282298765941,16
0.871298589610768,12.1416752286987,16
0.649334658928944,10.8175278601645,16
1.08543594908885,10.4948178810258,16
-1.00188262142916,10.6003679544519,16
-0.435382174611195,9.40942772388666,16
1.7235860283827,6.29048354891426,16
-1.66672951417977,6.09901409515425,16
1.13450649071726,11.783442553828,16
1.39413597535195,12.6266231345492,16
0.998370918331141,11.650173420714,16
-1.81693231540728,7.91464715269156,16
-0.57785037717777,10.2293355547444,16
0.278179801586755,13.2858460731695,16
-1.0414041676844,10.9094478857136,16
0.285188312048492,8.54913428896677,16
-0.798755315592175,4.90775133276301,16
0.618016741100495,5.16462272249307,16
-0.698035315154562,7.75981063296707,16
2.39389336807284,9.46895607127964,16
0.480020888073024,7.31439050440269,17
0.220097506826203,10.2451507772636,17
1.68901465097693,7.64165097766837,17
-0.0102221671716963,6.56907549447502,17
0.678662632626709,11.6979410363035,17
1.18966453761994,13.0109377672681,17
1.90851052101931,8.7031715414941,17
-0.825810010664619,10.2780223460764,17
0.2449565317274,13.3453602073396,17
-2.40842145696803,11.5618748969662,17
-0.846098189243663,8.80987406146206,17
-0.750100905086111,5.45712182021779,17
-1.17113639116959,6.68901966669333,17
0.203996492613975,7.93802801608253,17
-0.157558870980816,14.3525928460975,17
-0.832852723384214,8.46073888830062,17
0.246487517969431,8.71840982266832,17
-0.461542185090304,14.7548158109897,17
-0.63308661790265,10.0223080217463,17
-0.17767693384502,8.03068361506612,17
1.38015993274426,8.54250929524268,17
-0.383212627132811,8.73476095445596,17
-0.234252253887947,10.5009294283614,17
-0.39904480804637,6.40420492658784,17
0.717510278385798,11.2536960764677,17
0.26016406367287,10.9344538360518,17
0.0256608541957374,11.3654094100098,17
1.36829219892977,10.6826626094444,17
-0.0932667516833756,11.9302185641445,17
-1.22738388072978,15.2917560401884,17
-0.350658954127831,11.2333535043099,17
-1.07838150803928,6.63716843573025,17
1.38121393791768,9.76033141841119,17
-0.27051860105364,11.2078819912196,17
-0.0643456341746735,9.34727192430154,17
-0.485618577324826,7.56553682989277,17
1.31877784033417,8.71380009231749,17
-0.789136002508114,12.0048842345862,17
2.50066564328932,9.90499578704312,17
-0.0997593245636119,9.66460396626745,17
-0.4523131362551,11.0612591479094,17
-0.281804140778256,7.22218252439051,17
-1.39391272617727,8.66541641997871,17
-0.179099216728735,9.97541979377927,17
-1.09137058390926,9.5253150433928,17
0.257333332771635,10.8007917029468,17
-0.282914531729823,5.82663747240147,17
0.699299520795367,13.6862071213112,17
0.590862086934313,11.2617472238422,17
0.341614723190678,10.9480391185463,17
2.20259025745676,10.5995967493758,17
0.0499246811258878,11.8767423603467,17
0.53790136637214,10.0262275789456,17
0.0958453446312975,9.56513452741275,17
-0.634286992554708,9.81681744530392,17
0.714457538666577,8.86570944401931,17
0.525767446585822,12.7251920151341,17
-1.90131497463368,10.0710378814801,17
-0.21618195542221,9.68787524039852,17
-0.0307864468250671,10.4826670311111,17
0.733963260409083,12.2881366710803,17
-0.948737771115329,5.8395766188561,17
2.20180162839768,6.75762868614177,17
-0.531720469872842,12.0076733457604,17
2.28416410963721,9.84044815713968,17
-1.56211246039024,13.2611235174115,17
-0.16944298000879,11.5850448994788,17
-0.895695248909448,9.15787476029575,17
2.49491885075597,9.55895501771159,17
-0.779789046376833,9.68720405741458,17
0.497328945773506,9.06398579315836,17
-0.771970490667492,8.65151774184397,17
0.0676138046341136,12.1240897255096,17
0.598686346184345,9.65090081670313,17
-1.38194110756244,8.4313220258252,17
-0.193085408759984,10.3565989753839,17
-0.113533921515354,8.89951943670952,17
-1.14268609941489,12.2164500429614,17
-1.0816906458438,13.0730817035875,17
-1.12444412453944,11.341364238734,17
-1.09783711105698,6.87299230823398,17
0.871298589610768,8.47003085072565,17
0.649334658928944,9.18296409910843,17
1.08543594908885,10.3053725460991,17
-1.00188262142916,9.44949834282382,17
-0.435382174611195,11.1570730230882,17
1.7235860283827,6.74985693091028,17
-1.66672951417977,9.14749435880123,17
1.13450649071726,11.810615850804,17
1.39413597535195,9.52312720968102,17
0.998370918331141,5.11944821757091,17
-1.81693231540728,14.1741852768972,17
-0.57785037717777,8.21189014163439,17
0.278179801586755,8.88583760927999,17
-1.0414041676844,8.32323467843123,17
0.285188312048492,10.0479761993293,17
-0.798755315592175,9.08823280859306,17
0.618016741100495,8.10331679610823,17
-0.698035315154562,8.74198800070625,17
2.39389336807284,8.60706016989441,17
0.480020888073024,12.6566180323619,18
0.220097506826203,9.5106699048892,18
1.68901465097693,8.72021881441353,18
-0.0102221671716963,5.38464659882647,18
0.678662632626709,11.5749800196041,18
1.18966453761994,12.2787614639737,18
1.90851052101931,13.5978447541982,18
-0.825810010664619,8.12240705260473,18
0.2449565317274,8.63582516780734,18
-2.40842145696803,12.4380505475676,18
-0.846098189243663,10.8869698672911,18
-0.750100905086111,9.82185293483768,18
-1.17113639116959,9.47633001259872,18
0.203996492613975,10.0948050129148,18
-0.157558870980816,7.59747228954047,18
-0.832852723384214,11.5946077632161,18
0.246487517969431,10.7250179587993,18
-0.461542185090304,6.22330362792273,18
-0.63308661790265,10.9578483073042,18
-0.17767693384502,7.87216251537422,18
1.38015993274426,12.0140170708877,18
-0.383212627132811,9.27808375005351,18
-0.234252253887947,6.77857723194531,18
-0.39904480804637,6.51709140329703,18
0.717510278385798,8.31315554808235,18
0.26016406367287,11.9562526235319,18
0.0256608541957374,12.0127425690335,18
1.36829219892977,7.86027979292298,18
-0.0932667516833756,7.85432684386201,18
-1.22738388072978,10.8984757046606,18
-0.350658954127831,9.26568965821876,18
-1.07838150803928,11.6366940240779,18
1.38121393791768,8.61281642800341,18
-0.27051860105364,11.3147683514056,18
-0.0643456341746735,10.5114584197419,18
-0.485618577324826,10.7152117219934,18
1.31877784033417,9.09418656763305,18
-0.789136002508114,6.7708363458213,18
2.50066564328932,9.61727541119953,18
-0.0997593245636119,9.19474786823421,18
-0.4523131362551,10.9114236842337,18
-0.281804140778256,7.86516224661376,18
-1.39391272617727,10.3144118555894,18
-0.179099216728735,12.4290049172116,18
-1.09137058390926,7.49616779546057,18
0.257333332771635,11.9039029667908,18
-0.282914531729823,9.87490368949483,18
0.699299520795367,7.59491887110564,18
0.590862086934313,13.6453011022873,18
0.341614723190678,9.74855011497738,18
2.20259025745676,9.31941082560162,18
0.0499246811258878,7.97904878663039,18
0.53790136637214,9.28896520896884,18
0.0958453446312975,8.02955976553506,18
-0.634286992554708,16.0151702652406,18
0.714457538666577,8.00672481213445,18
0.525767446585822,7.22903876596025,18
-1.90131497463368,6.28876390356094,18
-0.21618195542221,12.1273951820543,18
-0.0307864468250671,8.87420682232679,18
0.733963260409083,9.10649409587409,18
-0.948737771115329,10.6528682333755,18
2.20180162839768,12.9505919266759,18
-0.531720469872842,7.42328905842594,18
2.28416410963721,8.314619258345,18
-1.56211246039024,6.90368609953608,18
-0.16944298000879,8.97281547368926,18
-0.895695248909448,8.08036765356491,18
2.49491885075597,7.52004262906081,18
-0.779789046376833,11.8793806563362,18
0.497328945773506,11.9577620415391,18
-0.771970490667492,8.18508358547353,18
0.0676138046341136,10.751971275432,18
0.598686346184345,11.6370260918962,18
-1.38194110756244,11.042377792402,18
-0.193085408759984,12.2141628297752,18
-0.113533921515354,10.4285753721206,18
-1.14268609941489,9.96010895238094,18
-1.0816906458438,8.98929216372451,18
-1.12444412453944,7.58143284747509,18
-1.09783711105698,11.4703067279472,18
0.871298589610768,9.40866944601962,18
0.649334658928944,9.3725420657448,18
1.08543594908885,11.7740504256012,18
-1.00188262142916,6.42887572713859,18
-0.435382174611195,10.1676065033403,18
1.7235860283827,6.05139005357171,18
-1.66672951417977,8.26706795107488,18
1.13450649071726,13.3530466801123,18
1.39413597535195,7.10739177021195,18
0.998370918331141,7.99635652021715,18
-1.81693231540728,12.4717013095205,18
-0.57785037717777,9.42857269563973,18
0.278179801586755,5.73276060658653,18
-1.0414041676844,10.3061564662072,18
0.285188312048492,10.9899106119919,18
-0.798755315592175,13.6146440179164,18
0.618016741100495,8.5635612198124,18
-0.698035315154562,10.8434519201498,18
2.39389336807284,9.26572175991177,18
0.480020888073024,13.1928959874798,19
0.220097506826203,6.95498414445329,19
1.68901465097693,11.0092827263407,19
-0.0102221671716963,10.5327713264604,19
0.678662632626709,9.85085978463638,19
1.18966453761994,10.5287823717309,19
1.90851052101931,9.89932580758776,19
-0.825810010664619,12.1234774686543,19
0.2449565317274,12.6263259743493,19
-2.40842145696803,12.5095081742299,19
-0.846098189243663,9.3146098315365,19
-0.750100905086111,11.1786779402252,19
-1.17113639116959,9.7129904575731,19
0.203996492613975,8.96380141239191,19
-0.157558870980816,9.9834233062292,19
-0.832852723384214,7.64149733682437,19
0.246487517969431,12.2146119199935,19
-0.461542185090304,9.36618602630094,19
-0.63308661790265,7.42680877824469,19
-0.17767693384502,5.57630894136745,19
1.38015993274426,11.5170554726238,19
-0.383212627132811,8.68685066613476,19
-0.234252253887947,11.7729386952101,19
-0.39904480804637,9.47131052385182,19
0.717510278385798,13.23743764396,19
0.26016406367287,12.2859531759981,19
0.0256608541957374,11.3286212209395,19
1.36829219892977,10.1678187812616,19
-0.0932667516833756,12.445921619244,19
-1.22738388072978,11.7349554534841,19
-0.350658954127831,11.9972496333069,19
-1.07838150803928,8.10303649043395,19
1.38121393791768,11.1362941394322,19
-0.27051860105364,9.54082062862829,19
-0.0643456341746735,8.81273333948988,19
-0.485618577324826,13.5066473483977,19
1.31877784033417,10.6982666575878,19
-0.789136002508114,10.8053052155901,19
2.50066564328932,11.4241146772893,19
-0.0997593245636119,5.7428061869529,19
-0.4523131362551,8.61048118861146,19
-0.281804140778256,11.0100099040634,19
-1.39391272617727,7.2104880059391,19
-0.179099216728735,7.40390128966913,19
-1.09137058390926,10.849607814325,19
0.257333332771635,8.84032612009489,19
-0.282914531729823,10.5783177498494,19
0.699299520795367,8.61833505933264,19
0.590862086934313,10.1833627628234,19
0.341614723190678,6.64122199705548,19
2.20259025745676,7.61646888866759,19
0.0499246811258878,8.29776902929248,19
0.53790136637214,13.6671074861116,19
0.0958453446312975,8.50431065319079,19
-0.634286992554708,7.68430298087072,19
0.714457538666577,9.76304805249998,19
0.525767446585822,12.8242136737407,19
-1.90131497463368,8.32745238754864,19
-0.21618195542221,9.28863085215503,19
-0.0307864468250671,11.9000418578624,19
0.733963260409083,9.63926873522528,19
-0.948737771115329,9.54426654846139,19
2.20180162839768,10.9606728020543,19
-0.531720469872842,8.14319439342298,19
2.28416410963721,11.7990458553178,19
-1.56211246039024,10.4276062854861,19
-0.16944298000879,12.0744943486426,19
-0.895695248909448,11.6808938985543,19
2.49491885075597,8.6168603926926,19
-0.779789046376833,11.4290716849312,19
0.497328945773506,10.5908077321749,19
-0.771970490667492,11.2831640750826,19
0.0676138046341136,9.26983335807378,19
0.598686346184345,10.6068628471925,19
-1.38194110756244,13.9162274784539,19
-0.193085408759984,8.23039913963096,19
-0.113533921515354,12.7732093309381,19
-1.14268609941489,7.31484369082282,19
-1.0816906458438,5.33021328455045,19
-1.12444412453944,10.1018199396718,19
-1.09783711105698,7.5502525304238,19
0.871298589610768,10.6170973047942,19
0.649334658928944,7.45999251430245,19
1.08543594908885,9.64603540911315,19
-1.00188262142916,8.21037913895926,19
-0.435382174611195,10.1269683356995,19
1.7235860283827,8.69134607620272,19
-1.66672951417977,10.2003682930601,19
1.13450649071726,5.82004457093015,19
1.39413597535195,8.36788265599107,19
0.998370918331141,5.0197540043522,19
-1.81693231540728,9.47921575728871,19
-0.57785037717777,11.6381220141161,19
0.278179801586755,10.720536105814,19
-1.0414041676844,12.40521917525,19
0.285188312048492,10.3123023118061,19
-0.798755315592175,9.85976718916635,19
0.618016741100495,8.61939984576156,19
-0.698035315154562,10.7000015504264,19
2.39389336807284,11.1416072993824,19
0.480020888073024,12.5504031349721,20
0.220097506826203,10.4726855939707,20
1.68901465097693,8.76765738994259,20
-0.0102221671716963,10.7383279019479,20
0.678662632626709,10.8626823502042,20
1.18966453761994,11.951134467912,20
1.90851052101931,12.9106675248409,20
-0.825810010664619,11.5158293504869,20
0.2449565317274,14.067430686741,20
-2.40842145696803,11.9727628709612,20
-0.846098189243663,5.62197167482699,20
-0.750100905086111,10.9458655901977,20
-1.17113639116959,12.0072632535501,20
0.203996492613975,11.8213270438332,20
-0.157558870980816,12.0694027592049,20
-0.832852723384214,11.0567828354047,20
0.246487517969431,8.54536709165443,20
-0.461542185090304,12.8319573656809,20
-0.63308661790265,8.41276506948868,20
-0.17767693384502,9.1544333876688,20
1.38015993274426,8.53436532234867,20
-0.383212627132811,10.8149518236293,20
-0.234252253887947,6.67401022332159,20
-0.39904480804637,6.33975898676228,20
0.717510278385798,12.6673060450995,20
0.26016406367287,14.1265727518811,20
0.0256608541957374,10.6103844402831,20
1.36829219892977,11.7163155415014,20
-0.0932667516833756,8.35310791005308,20
-1.22738388072978,10.6952945867111,20
-0.350658954127831,9.28342552524224,20
-1.07838150803928,7.02750082057975,20
1.38121393791768,10.2445688600631,20
-0.27051860105364,9.06553535579612,20
-0.0643456341746735,8.05291811034517,20
-0.485618577324826,9.12367657488095,20
1.31877784033417,11.8924971781647,20
-0.789136002508114,14.1393753782448,20
2.50066564328932,11.8681544526951,20
-0.0997593245636119,13.1076101256927,20
-0.4523131362551,9.37016105572447,20
-0.281804140778256,7.13382859385325,20
-1.39391272617727,3.96692114031169,20
-0.179099216728735,9.35910806526561,20
-1.09137058390926,11.2400352938896,20
0.257333332771635,15.9967054596303,20
-0.282914531729823,7.90335302862071,20
0.699299520795367,10.5282852922579,20
0.590862086934313,10.2395030429288,20
0.341614723190678,10.3458868197292,20
2.20259025745676,8.13052384055346,20
0.0499246811258878,11.7028645192546,20
0.53790136637214,10.2793155607632,20
0.0958453446312975,11.5078842393747,20
-0.634286992554708,7.82596974619018,20
0.714457538666577,9.21444682354355,20
0.525767446585822,6.64206597493489,20
-1.90131497463368,10.4701316174476,20
-0.21618195542221,9.96993791513032,20
-0.0307864468250671,9.42371208967015,20
0.733963260409083,9.55627749003193,20
-0.948737771115329,7.1623347483843,20
2.20180162839768,10.4976037952225,20
-0.531720469872842,10.3779672143339,20
2.28416410963721,11.4220008615932,20
-1.56211246039024,9.95754331786697,20
-0.16944298000879,11.4856106966832,20
-0.895695248909448,8.83113304656866,20
2.49491885075597,12.3920756272307,20
-0.779789046376833,10.7078451471759,20
0.497328945773506,8.76904145847159,20
-0.771970490667492,6.41179006067306,20
0.0676138046341136,7.81112492355058,20
0.598686346184345,9.01653767439449,20
-1.38194110756244,11.5757778192599,20
-0.193085408759984,8.97424106380268,20
-0.113533921515354,6.58645372953541,20
-1.14268609941489,7.22073076575449,20
-1.0816906458438,14.253964278313,20
-1.12444412453944,11.2097122892673,20
-1.09783711105698,11.6955676972256,20
0.871298589610768,10.4465628634932,20
0.649334658928944,8.71335457524067,20
1.08543594908885,7.01696126629299,20
-1.00188262142916,14.4881076942606,20
-0.435382174611195,10.2860888344256,20
1.7235860283827,7.43738515199936,20
-1.66672951417977,12.7415811372542,20
1.13450649071726,15.6702150616435,20
1.39413597535195,8.97681366435242,20
0.998370918331141,11.1931306390754,20
-1.81693231540728,10.8052322207205,20
-0.57785037717777,12.5247237819571,20
0.278179801586755,10.2552335541792,20
-1.0414041676844,9.69928945141617,20
0.285188312048492,13.0097908031087,20
-0.798755315592175,9.15991590246927,20
0.618016741100495,10.511677983845,20
-0.698035315154562,6.15961731862527,20
2.39389336807284,9.40044095031562,20
